genres,acousticness,energy,danceability,tempo,valence,speechiness,liveness,instrumentalness
indie r&b,0.00311,0.543,0.889,140.029,0.314,0.128,0.234,6.85e-06
indie r&b,0.00179,0.676,0.769,131.938,0.311,0.277,0.251,0
indie r&b,0.0335,0.485,0.885,82.992,0.28,0.24,0.0805,0
indie r&b,0.139,0.362,0.522,135.797,0.179,0.048,0.111,2.83e-05
indie r&b,0.0931,0.416,0.511,86.678,0.268,0.384,0.0974,1.12e-05
indie r&b,0.0106,0.477,0.84,170.99,0.377,0.325,0.157,0
indie r&b,0.000394,0.519,0.842,160.003,0.255,0.223,0.131,0.00069
indie r&b,0.0204,0.334,0.804,137.855,0.211,0.385,0.118,0
indie r&b,0.0462,0.558,0.853,142.079,0.666,0.202,0.341,0
indie r&b,0.511,0.528,0.757,146.056,0.3,0.274,0.0936,0.000334
indie r&b,0.653,0.621,0.747,89.282,0.311,0.394,0.124,0
indie r&b,0.434,0.645,0.578,90.664,0.313,0.0476,0.36,0
indie r&b,0.0354,0.491,0.663,90.99,0.332,0.0537,0.57,0.000366
indie r&b,0.246,0.455,0.584,74.634,0.306,0.0488,0.181,0
indie r&b,0.229,0.612,0.571,133.995,0.0852,0.045,0.127,0
indie r&b,0.0861,0.567,0.356,135.553,0.116,0.0798,0.137,0
indie r&b,0.464,0.481,0.38,105.36,0.238,0.0567,0.0765,0
indie r&b,0.124,0.77,0.702,107.951,0.591,0.0482,0.103,0
indie r&b,0.121,0.559,0.602,100.021,0.266,0.0276,0.107,0
indie r&b,0.438,0.278,0.483,119.98,0.367,0.0372,0.0767,0
indie r&b,0.0696,0.682,0.48,167.939,0.512,0.13,0.0463,0
indie r&b,0.145,0.33,0.354,173.664,0.0521,0.0526,0.273,0.00604
indie r&b,0.106,0.421,0.585,132.986,0.236,0.0707,0.14,9.54e-06
indie r&b,0.401,0.407,0.543,134.831,0.329,0.0389,0.202,0.000113
indie r&b,0.104,0.579,0.626,127.973,0.332,0.0429,0.133,0
indie r&b,0.487,0.654,0.839,120.012,0.634,0.122,0.0675,0.131
indie r&b,0.328,0.763,0.452,123.979,0.131,0.0409,0.124,0.0489
indie r&b,0.0149,0.747,0.85,124.01,0.513,0.0648,0.0234,0.507
indie r&b,0.0302,0.863,0.659,108.989,0.312,0.0357,0.0717,0.00178
indie r&b,0.108,0.495,0.552,79.601,0.419,0.143,0.0914,2e-06
indie r&b,0.226,0.483,0.803,115.106,0.268,0.225,0.0863,0.0724
indie r&b,0.114,0.696,0.69,135,0.661,0.0497,0.0998,3.39e-05
indie r&b,0.405,0.687,0.824,124.036,0.37,0.101,0.253,0.398
indie r&b,0.00302,0.652,0.738,129.007,0.483,0.0687,0.0946,0.201
indie r&b,0.0501,0.675,0.779,125.003,0.634,0.0416,0.0678,0.0307
indie r&b,0.068,0.669,0.785,124.966,0.422,0.0458,0.0788,1.15e-05
indie r&b,0.0283,0.506,0.581,91.288,0.288,0.0522,0.437,0.0355
indie r&b,0.761,0.314,0.326,77.669,0.0332,0.148,0.57,0.937
indie r&b,0.384,0.349,0.716,129.795,0.201,0.0498,0.098,0.00222
indie r&b,0.752,0.561,0.695,115.856,0.961,0.0926,0.273,0.0317
indie r&b,0.183,0.594,0.552,124.969,0.604,0.0778,0.109,0.0154
indie r&b,0.233,0.551,0.481,84.175,0.784,0.198,0.082,0
indie r&b,0.754,0.814,0.37,152.441,0.109,0.423,0.547,0.0381
indie r&b,0.239,0.423,0.736,60.475,0.597,0.0761,0.218,0
indie r&b,0.436,0.438,0.399,120.946,0.427,0.327,0.821,0.000109
indie r&b,0.0846,0.734,0.426,89.114,0.375,0.217,0.101,0
indie r&b,0.0129,0.661,0.401,107.998,0.173,0.0462,0.791,7.72e-05
indie r&b,0.0251,0.605,0.914,123.072,0.491,0.222,0.169,0.00029
indie r&b,0.768,0.0679,0.606,139.302,0.3,0.0609,0.0895,0.895
indie r&b,0.0524,0.762,0.744,102.011,0.585,0.178,0.228,0
indie r&b,0.754,0.368,0.286,78.818,0.118,0.0382,0.0735,0
indie r&b,0.954,0.233,0.396,171.132,0.449,0.0641,0.106,0.000303
indie r&b,0.0761,0.404,0.685,94.988,0.193,0.0327,0.386,0.000846
indie r&b,0.385,0.301,0.557,120.077,0.352,0.118,0.0916,0.791
indietronica,0.0187,0.707,0.58,116.949,0.156,0.0363,0.034,0.014
indietronica,0.00132,0.742,0.497,90.994,0.203,0.0291,0.0522,0.0395
indietronica,0.00995,0.615,0.543,149.906,0.298,0.0386,0.091,0.143
indietronica,0.00218,0.768,0.62,102.98,0.804,0.0404,0.0809,0.244
indietronica,0.00557,0.705,0.478,90.041,0.707,0.0282,0.135,0.931
indietronica,0.68,0.355,0.298,135.786,0.065,0.0303,0.104,0.129
indietronica,0.0721,0.306,0.352,122.014,0.0914,0.0343,0.122,0.494
indietronica,0.182,0.482,0.397,153.806,0.351,0.0494,0.0789,0.882
indietronica,0.00754,0.743,0.56,91.999,0.297,0.0248,0.15,0.0957
indietronica,0.000456,0.83,0.551,133.981,0.278,0.031,0.123,0.541
indietronica,0.00642,0.388,0.416,113.934,0.155,0.0298,0.126,0.967
indietronica,0.769,0.383,0.492,78.01,0.294,0.0278,0.127,0.00731
indietronica,0.0601,0.709,0.594,89.988,0.572,0.0319,0.0839,0.0426
indietronica,0.892,0.276,0.184,89.907,0.0337,0.0412,0.136,0.926
indietronica,0.954,0.141,0.223,113.445,0.036,0.0399,0.104,0.39
indie folk,0.869,0.438,0.486,120.018,0.0762,0.0453,0.319,0.54
indie folk,0.968,0.348,0.559,119.894,0.507,0.0418,0.112,0.266
indie folk,0.941,0.322,0.375,147.961,0.155,0.03,0.119,0.537
indie folk,0.949,0.334,0.363,91.571,0.148,0.0307,0.256,0.478
indie folk,0.931,0.164,0.233,147.038,0.106,0.0322,0.104,0.124
indie folk,0.969,0.199,0.666,121.678,0.621,0.0565,0.0762,0.454
indie folk,0.99,0.148,0.315,163.984,0.334,0.0301,0.0775,0.154
indie folk,0.919,0.468,0.465,119.938,0.0789,0.0367,0.618,0.135
indie folk,0.993,0.0162,0.116,68.234,0.0332,0.0405,0.0869,0.876
indie folk,0.916,0.255,0.488,128.131,0.05,0.0311,0.114,0.734
indietronica,0.00702,0.816,0.599,126.02,0.596,0.0514,0.508,2.8e-06
indietronica,0.000798,0.89,0.47,154.982,0.625,0.0456,0.196,1.23e-05
indietronica,0.0219,0.955,0.534,130.09,0.416,0.0524,0.322,0.00573
indietronica,0.211,0.83,0.489,84.946,0.365,0.0332,0.0962,0.000122
indietronica,0.000561,0.892,0.286,172.016,0.366,0.0731,0.157,0.00016
indietronica,0.904,0.122,0.213,66.576,0.444,0.0308,0.256,0.516
indietronica,0.00933,0.866,0.651,113.945,0.803,0.0584,0.113,0
indietronica,0.000257,0.913,0.515,119.989,0.266,0.0524,0.284,0.00174
indietronica,0.67,0.423,0.568,79.03,0.419,0.025,0.268,0.00304
indietronica,0.0103,0.804,0.516,134.998,0.271,0.0478,0.0981,0.0115
indietronica,0.922,0.046,0.52,103.501,0.072,0.0401,0.357,0.000603
indie r&b,0.95,0.157,0.424,91.537,0.344,0.0428,0.101,0.0593
indietronica,0.95,0.157,0.424,91.537,0.344,0.0428,0.101,0.0593
indie r&b,0.482,0.468,0.732,118.994,0.191,0.0409,0.371,0.809
indietronica,0.482,0.468,0.732,118.994,0.191,0.0409,0.371,0.809
indie r&b,0.695,0.362,0.786,115.022,0.595,0.0373,0.0897,0.408
indietronica,0.695,0.362,0.786,115.022,0.595,0.0373,0.0897,0.408
indie r&b,0.638,0.181,0.558,96.004,0.117,0.0413,0.0887,0.154
indietronica,0.638,0.181,0.558,96.004,0.117,0.0413,0.0887,0.154
indie r&b,0.839,0.367,0.692,112.203,0.0492,0.0662,0.113,0.685
indietronica,0.839,0.367,0.692,112.203,0.0492,0.0662,0.113,0.685
indie r&b,0.557,0.182,0.835,119.98,0.388,0.0762,0.113,0.456
indietronica,0.557,0.182,0.835,119.98,0.388,0.0762,0.113,0.456
indie r&b,0.63,0.294,0.202,79.308,0.0396,0.0451,0.0992,0.0415
indietronica,0.63,0.294,0.202,79.308,0.0396,0.0451,0.0992,0.0415
indie r&b,0.727,0.212,0.714,99.033,0.376,0.0444,0.0644,0.145
indietronica,0.727,0.212,0.714,99.033,0.376,0.0444,0.0644,0.145
indie r&b,0.829,0.25,0.259,199.768,0.0773,0.0518,0.112,0.242
indietronica,0.829,0.25,0.259,199.768,0.0773,0.0518,0.112,0.242
indie r&b,0.669,0.366,0.773,116.053,0.0631,0.056,0.0727,0.496
indietronica,0.669,0.366,0.773,116.053,0.0631,0.056,0.0727,0.496
indie r&b,0.514,0.187,0.274,95.629,0.0385,0.0549,0.0852,0.388
indietronica,0.514,0.187,0.274,95.629,0.0385,0.0549,0.0852,0.388
indie r&b,0.0018,0.95,0.55,126.859,0.291,0.0859,0.238,0
indie r&b,0.0305,0.926,0.676,124.019,0.82,0.0425,0.0771,0.000658
indie r&b,0.0147,0.873,0.615,171.87,0.529,0.331,0.0963,0.000213
indie r&b,0.00913,0.989,0.584,131.035,0.578,0.0707,0.215,4.41e-05
indie r&b,0.00693,0.86,0.555,85.949,0.662,0.103,0.133,7.02e-05
indie r&b,0.154,0.911,0.659,91.999,0.598,0.0786,0.191,0.000304
indie r&b,0.0282,0.947,0.611,105.94,0.571,0.0558,0.303,0
indie r&b,0.0036,0.943,0.717,147.874,0.737,0.0545,0.1,1.92e-05
indie r&b,0.000913,0.938,0.437,201.97,0.742,0.152,0.116,0
indie r&b,0.00692,0.875,0.476,169.815,0.623,0.41,0.111,0.000647
indie r&b,0.00243,0.913,0.38,193.737,0.327,0.2,0.277,0.0902
indie r&b,0.0124,0.944,0.532,170.009,0.666,0.113,0.327,3.84e-05
indie r&b,0.0237,0.833,0.419,87.159,0.506,0.0563,0.39,7.65e-05
indie r&b,0.0522,0.891,0.67,116.008,0.513,0.0603,0.365,0.000913
indie r&b,0.0247,0.773,0.698,89.03,0.684,0.0428,0.327,0.000112
indietronica,0.122,0.876,0.492,140.931,0.352,0.0308,0.257,0.027
indietronica,0.0646,0.925,0.543,169.989,0.549,0.0724,0.0999,0.0403
indietronica,0.0002,0.951,0.253,144.112,0.373,0.0872,0.35,0.346
indietronica,0.00037,0.84,0.519,100.62,0.503,0.0363,0.208,0.678
indietronica,0.248,0.968,0.527,127.936,0.211,0.0702,0.245,9.78e-06
indietronica,0.225,0.925,0.209,99.158,0.0743,0.26,0.0684,0.000748
indietronica,0.0192,0.956,0.525,138.015,0.391,0.0566,0.142,0.846
indietronica,0.162,0.861,0.212,151.618,0.167,0.0539,0.176,0.0624
indietronica,0.0323,0.967,0.544,109.201,0.324,0.141,0.0674,0
indietronica,0.0778,0.762,0.423,99.919,0.0753,0.043,0.207,0.839
indietronica,0.137,0.843,0.553,99.194,0.617,0.0627,0.14,2.25e-06
indietronica,0.208,0.832,0.58,101.972,0.572,0.0313,0.299,0.00103
indietronica,0.04,0.847,0.688,93.979,0.441,0.0508,0.598,2.81e-06
indietronica,0.0312,0.713,0.258,76.2,0.561,0.0677,0.337,0
indietronica,0.041,0.704,0.649,120.028,0.455,0.0508,0.102,0.0606
indietronica,0.0771,0.534,0.562,119.871,0.112,0.028,0.105,0.792
indietronica,0.7,0.681,0.806,93.956,0.95,0.0287,0.0762,0.00851
indietronica,0.0633,0.796,0.584,92.011,0.371,0.0362,0.318,0.000247
indietronica,0.00676,0.709,0.624,109.882,0.325,0.0362,0.171,0.00333
indietronica,0.000693,0.649,0.529,78.996,0.378,0.0272,0.347,0.000519
indietronica,0.00325,0.842,0.292,82.746,0.542,0.125,0.26,0
swedish indie rock,0.0769,0.8,0.282,128.731,0.38,0.0376,0.922,0.0267
swedish indie rock,0.0026,0.947,0.366,104.14,0.416,0.0482,0.685,0.19
swedish indie rock,0.0261,0.797,0.354,138.898,0.151,0.124,0.441,4.27e-05
swedish indie rock,0.903,0.369,0.166,69.835,0.344,0.0516,0.972,0
swedish indie rock,0.0671,0.704,0.426,128.661,0.55,0.0351,0.797,6.99e-06
swedish indie rock,0.0771,0.76,0.367,75.933,0.4,0.115,0.841,0
swedish indie rock,0.209,0.312,0.3,149.921,0.221,0.0294,0.497,0.00221
swedish indie rock,0.16,0.637,0.208,88.934,0.229,0.0341,0.364,0
swedish indie rock,0.261,0.553,0.29,152.337,0.349,0.0314,0.637,1.03e-05
swedish indie rock,0.55,0.794,0.363,125.223,0.324,0.0976,0.924,0
swedish indie rock,0.027,0.977,0.352,107.274,0.226,0.152,0.939,0.0247
swedish indie rock,0.693,0.362,0.184,62.379,0.296,0.0379,0.554,4.22e-06
swedish indie rock,0.0268,0.785,0.378,121.89,0.599,0.0471,0.701,0.000133
swedish indie rock,0.00817,0.912,0.432,127.281,0.188,0.0641,0.464,0.0122
swedish indie rock,0.00135,0.852,0.401,125.702,0.533,0.0387,0.848,0.00153
swedish indie rock,0.0651,0.683,0.224,132.514,0.101,0.0324,0.658,0.000374
swedish indie rock,0.61,0.497,0.263,83.481,0.295,0.05,0.761,0
swedish indie rock,0.0479,0.878,0.236,160.696,0.373,0.0597,0.792,0.0032
swedish indie rock,0.0286,0.956,0.286,153.158,0.528,0.0874,0.768,0.000324
swedish indie rock,0.206,0.59,0.327,137.021,0.323,0.0312,0.961,0
swedish indie rock,0.0144,0.883,0.393,111.29,0.357,0.0842,0.921,0
swedish indie rock,0.0436,0.942,0.18,165.833,0.402,0.0894,0.372,0.00172
swedish indie rock,0.0142,0.965,0.229,168.965,0.211,0.26,0.188,0.0013
swedish indie rock,0.613,0.628,0.297,140.674,0.311,0.0623,0.988,0
swedish indie rock,0.758,0.507,0.191,146.849,0.224,0.0373,0.95,0.00141
swedish indie rock,0.0105,0.935,0.204,121.365,0.224,0.0781,0.899,0.0182
swedish indie rock,0.000534,0.845,0.323,133.88,0.46,0.0405,0.899,0.0253
swedish indie rock,0.267,0.583,0.301,140.333,0.365,0.0572,0.906,7.46e-06
swedish indie rock,0.525,0.464,0.214,92.084,0.286,0.0375,0.371,0.000103
indietronica,0.00282,0.804,0.566,127.568,0.461,0.0764,0.071,0.00105
indietronica,8.91e-05,0.834,0.556,130.989,0.806,0.0269,0.45,0.348
indietronica,3.03e-05,0.811,0.521,134.949,0.683,0.038,0.715,0.523
indietronica,0.00982,0.533,0.649,96.973,0.612,0.0284,0.111,0.000364
indietronica,8.84e-06,0.913,0.485,144.02,0.635,0.0351,0.199,0.664
indietronica,0.000102,0.755,0.534,148.008,0.516,0.043,0.0927,0.00226
indietronica,0.000109,0.672,0.602,123.989,0.245,0.0284,0.151,0.703
indietronica,0.00628,0.785,0.483,131.879,0.152,0.0378,0.0907,0.0778
indietronica,0.00949,0.768,0.641,125.962,0.512,0.0354,0.115,0.119
indietronica,0.000685,0.737,0.607,141.345,0.353,0.0356,0.0985,0.051
indietronica,0.0149,0.541,0.74,122.021,0.71,0.0438,0.0538,0.0381
indietronica,4.98e-05,0.837,0.531,129.997,0.592,0.174,0.103,0.000191
indie pop,0.403,0.29,0.472,180.098,0.137,0.0957,0.199,0.000115
indie rock,0.403,0.29,0.472,180.098,0.137,0.0957,0.199,0.000115
indie pop,0.142,0.811,0.644,154.903,0.837,0.0499,0.169,0.000629
indie rock,0.142,0.811,0.644,154.903,0.837,0.0499,0.169,0.000629
indie pop,0.591,0.724,0.624,78.008,0.62,0.101,0.101,7.79e-06
indie rock,0.591,0.724,0.624,78.008,0.62,0.101,0.101,7.79e-06
indie pop,0.032,0.803,0.419,86.958,0.745,0.246,0.206,3.7e-05
indie rock,0.032,0.803,0.419,86.958,0.745,0.246,0.206,3.7e-05
indie pop,0.45,0.72,0.486,180.112,0.819,0.0304,0.135,0
indie rock,0.45,0.72,0.486,180.112,0.819,0.0304,0.135,0
indie pop,0.717,0.313,0.345,207.969,0.166,0.0681,0.1,0.000822
indie rock,0.717,0.313,0.345,207.969,0.166,0.0681,0.1,0.000822
indie pop,0.472,0.702,0.664,119.852,0.524,0.188,0.107,0.00352
indie rock,0.472,0.702,0.664,119.852,0.524,0.188,0.107,0.00352
indie pop,0.255,0.822,0.668,100.934,0.709,0.0855,0.349,1.72e-05
indie rock,0.255,0.822,0.668,100.934,0.709,0.0855,0.349,1.72e-05
indie pop,0.00119,0.919,0.474,149.055,0.309,0.0779,0.314,1.82e-06
indie rock,0.00119,0.919,0.474,149.055,0.309,0.0779,0.314,1.82e-06
indie pop,0.179,0.65,0.584,92.01,0.493,0.0427,0.0935,0.000283
indie rock,0.179,0.65,0.584,92.01,0.493,0.0427,0.0935,0.000283
indie pop,0.565,0.442,0.367,80.066,0.222,0.0644,0.135,0.000416
indie rock,0.565,0.442,0.367,80.066,0.222,0.0644,0.135,0.000416
indie pop,0.918,0.232,0.272,180.314,0.366,0.0397,0.113,0.0236
indie rock,0.918,0.232,0.272,180.314,0.366,0.0397,0.113,0.0236
indie christmas,0.987,0.154,0.516,169.946,0.42,0.0383,0.115,0.0383
indie folk,0.987,0.154,0.516,169.946,0.42,0.0383,0.115,0.0383
indie pop,0.987,0.154,0.516,169.946,0.42,0.0383,0.115,0.0383
indie christmas,0.979,0.166,0.564,90.99,0.253,0.0327,0.126,0.282
indie folk,0.979,0.166,0.564,90.99,0.253,0.0327,0.126,0.282
indie pop,0.979,0.166,0.564,90.99,0.253,0.0327,0.126,0.282
indie christmas,0.973,0.288,0.441,143.921,0.237,0.0371,0.114,0.00107
indie folk,0.973,0.288,0.441,143.921,0.237,0.0371,0.114,0.00107
indie pop,0.973,0.288,0.441,143.921,0.237,0.0371,0.114,0.00107
indie christmas,0.952,0.102,0.389,124.017,0.057,0.0375,0.117,0.22
indie folk,0.952,0.102,0.389,124.017,0.057,0.0375,0.117,0.22
indie pop,0.952,0.102,0.389,124.017,0.057,0.0375,0.117,0.22
indie christmas,0.972,0.144,0.57,170.015,0.699,0.0432,0.314,0.486
indie folk,0.972,0.144,0.57,170.015,0.699,0.0432,0.314,0.486
indie pop,0.972,0.144,0.57,170.015,0.699,0.0432,0.314,0.486
indie christmas,0.974,0.104,0.226,76.863,0.147,0.0538,0.119,0.325
indie folk,0.974,0.104,0.226,76.863,0.147,0.0538,0.119,0.325
indie pop,0.974,0.104,0.226,76.863,0.147,0.0538,0.119,0.325
indie christmas,0.987,0.15,0.516,158.964,0.477,0.0405,0.113,0.0843
indie folk,0.987,0.15,0.516,158.964,0.477,0.0405,0.113,0.0843
indie pop,0.987,0.15,0.516,158.964,0.477,0.0405,0.113,0.0843
indie christmas,0.96,0.247,0.397,198.007,0.25,0.0531,0.117,0.515
indie folk,0.96,0.247,0.397,198.007,0.25,0.0531,0.117,0.515
indie pop,0.96,0.247,0.397,198.007,0.25,0.0531,0.117,0.515
indie christmas,0.962,0.0858,0.563,119.823,0.251,0.0408,0.0867,3.99e-06
indie folk,0.962,0.0858,0.563,119.823,0.251,0.0408,0.0867,3.99e-06
indie pop,0.962,0.0858,0.563,119.823,0.251,0.0408,0.0867,3.99e-06
indie christmas,0.946,0.153,0.418,82.611,0.361,0.0331,0.131,0.00119
indie folk,0.946,0.153,0.418,82.611,0.361,0.0331,0.131,0.00119
indie pop,0.946,0.153,0.418,82.611,0.361,0.0331,0.131,0.00119
indie christmas,0.953,0.146,0.319,76.154,0.129,0.0319,0.128,0.0358
indie folk,0.953,0.146,0.319,76.154,0.129,0.0319,0.128,0.0358
indie pop,0.953,0.146,0.319,76.154,0.129,0.0319,0.128,0.0358
indie r&b,0.639,0.382,0.587,120.023,0.322,0.0345,0.203,0.0323
indie r&b,0.00175,0.645,0.458,203.717,0.466,0.0779,0.287,0.000199
indie r&b,0.00348,0.915,0.688,112.034,0.668,0.0796,0.344,0.0158
indie r&b,0.000886,0.965,0.491,155.974,0.586,0.0875,0.465,0.00111
indie r&b,0.0422,0.798,0.595,90.002,0.552,0.0327,0.215,0.153
indie r&b,0.00832,0.948,0.58,134.029,0.484,0.0362,0.111,0.117
indie r&b,0.000244,0.945,0.582,117.974,0.489,0.0423,0.0486,0.571
indie r&b,0.146,0.58,0.59,188.932,0.3,0.0514,0.12,0.000875
indie r&b,0.00643,0.885,0.614,141.976,0.68,0.0498,0.275,0.00246
indie r&b,0.000832,0.623,0.64,114.976,0.331,0.0295,0.125,0.025
indie r&b,0.00112,0.89,0.478,215.112,0.647,0.165,0.373,0.72
indie r&b,0.000262,0.732,0.619,128.399,0.233,0.0267,0.35,0.893
indie r&b,0.608,0.411,0.48,143.745,0.482,0.0441,0.372,0.000323
indie r&b,0.00109,0.63,0.699,111.983,0.596,0.0299,0.26,0.0637
swedish indie rock,0.000273,0.749,0.705,120.028,0.593,0.0366,0.0936,0.442
swedish indie rock,0.021,0.633,0.643,114.007,0.527,0.0288,0.243,0.175
swedish indie rock,5.1e-05,0.827,0.586,111.983,0.367,0.033,0.0957,0.0925
swedish indie rock,0.000455,0.671,0.502,158.047,0.815,0.0511,0.105,0.0046
swedish indie rock,0.00065,0.779,0.512,129.934,0.316,0.0412,0.225,0.00318
swedish indie rock,0.0011,0.707,0.553,128.018,0.329,0.0431,0.108,0.0731
swedish indie rock,0.00501,0.723,0.592,94.028,0.698,0.0291,0.0892,0.0117
swedish indie rock,0.0014,0.783,0.558,126.104,0.562,0.0433,0.224,0.113
swedish indie rock,0.000504,0.609,0.572,123.037,0.422,0.042,0.125,0.0784
swedish indie rock,0.00205,0.648,0.671,114.027,0.412,0.0301,0.113,0.00404
swedish indie rock,0.000309,0.548,0.434,75.021,0.238,0.0289,0.177,0.101
indie rock,0.559,0.425,0.552,110.294,0.269,0.0304,0.201,0.928
indie rock,0.156,0.906,0.659,94.997,0.778,0.0428,0.105,3.27e-06
indie rock,0.00757,0.638,0.619,75.224,0.599,0.0286,0.104,1.62e-05
indie rock,0.0138,0.822,0.681,105,0.88,0.0483,0.08,0.000339
indie rock,0.0595,0.819,0.651,96.532,0.754,0.0379,0.144,0.00297
indie rock,0.0102,0.957,0.65,128.009,0.861,0.0439,0.193,0.0125
indie rock,0.0769,0.505,0.557,108.166,0.458,0.0273,0.0909,0.0243
indie rock,0.0148,0.848,0.553,88.529,0.832,0.025,0.313,0.00346
indie rock,0.0159,0.949,0.396,88.435,0.656,0.0637,0.0899,0.000789
indie rock,0.255,0.772,0.588,132.307,0.618,0.0429,0.111,0.102
indie rock,0.2,0.579,0.333,75.431,0.662,0.0489,0.131,5.94e-06
indie rock,0.139,0.451,0.618,137.031,0.362,0.0821,0.11,0
indie rock,0.0462,0.817,0.452,155.103,0.504,0.0482,0.153,0.12
indie rock,0.0323,0.9,0.589,95,0.716,0.0296,0.32,0
indie rock,0.0415,0.562,0.449,120.964,0.367,0.0347,0.105,0.885
indietronica,0.014,0.816,0.568,125.033,0.314,0.0281,0.155,0.000231
indietronica,0.261,0.844,0.643,104.993,0.781,0.0337,0.0925,0
indietronica,0.0336,0.681,0.819,108.989,0.929,0.0308,0.1,2.08e-06
indietronica,0.124,0.832,0.596,111.112,0.877,0.036,0.0467,0
indietronica,0.0586,0.898,0.623,123.017,0.78,0.0402,0.137,1.77e-05
indietronica,0.242,0.475,0.27,102.477,0.166,0.0296,0.0525,1.29e-05
indietronica,0.0176,0.906,0.572,99.993,0.365,0.0502,0.0492,0
indietronica,0.0167,0.711,0.385,187.717,0.331,0.0588,0.11,0
indietronica,0.000781,0.786,0.545,135.02,0.698,0.034,0.0877,0
indietronica,0.0543,0.714,0.174,131.65,0.435,0.0387,0.338,4.42e-06
indietronica,0.859,0.589,0.61,142.069,0.75,0.0415,0.311,1.44e-06
indietronica,0.0251,0.586,0.735,114.97,0.558,0.0319,0.0543,0.000403
indietronica,0.0753,0.474,0.291,130.586,0.204,0.0289,0.0976,0.00699
indietronica,0.831,0.508,0.518,94.072,0.153,0.0325,0.114,0.125
indie folk,0.481,0.423,0.634,118.867,0.587,0.0279,0.125,0.00628
indie folk,0.23,0.709,0.431,136.772,0.343,0.0316,0.123,0.00244
indie folk,0.482,0.367,0.439,96.811,0.333,0.0262,0.313,0.00442
indie folk,0.396,0.522,0.376,146.885,0.23,0.0449,0.123,0.000427
indie folk,0.313,0.319,0.463,112.174,0.194,0.0333,0.21,0.00684
indie folk,0.0692,0.621,0.317,138.274,0.195,0.0349,0.121,0.00035
indie folk,0.0986,0.51,0.451,94.192,0.0715,0.0324,0.292,0.00485
indie folk,0.209,0.435,0.383,112.419,0.202,0.0275,0.0961,0.0159
indie folk,0.166,0.61,0.302,130.528,0.425,0.032,0.102,0.0031
indie folk,0.0646,0.741,0.313,153.924,0.352,0.0432,0.129,2.75e-05
indie folk,0.652,0.352,0.55,174.271,0.918,0.027,0.1,0.000317
indie folk,0.167,0.591,0.392,113.184,0.0761,0.0326,0.109,0.0018
indie folk,0.406,0.79,0.262,196.957,0.483,0.105,0.165,0.321
indie pop,0.406,0.79,0.262,196.957,0.483,0.105,0.165,0.321
indie folk,0.719,0.627,0.449,111.497,0.405,0.24,0.162,0.00327
indie pop,0.719,0.627,0.449,111.497,0.405,0.24,0.162,0.00327
indie folk,0.93,0.491,0.548,133.68,0.844,0.0314,0.152,0.171
indie pop,0.93,0.491,0.548,133.68,0.844,0.0314,0.152,0.171
indie folk,0.294,0.828,0.422,110.447,0.384,0.0473,0.127,0.00137
indie pop,0.294,0.828,0.422,110.447,0.384,0.0473,0.127,0.00137
indie folk,0.631,0.684,0.381,123.018,0.103,0.0579,0.112,0.805
indie pop,0.631,0.684,0.381,123.018,0.103,0.0579,0.112,0.805
indie folk,0.78,0.482,0.394,154.478,0.377,0.0443,0.107,0.268
indie pop,0.78,0.482,0.394,154.478,0.377,0.0443,0.107,0.268
indie folk,0.753,0.626,0.238,169.06,0.264,0.057,0.119,0.673
indie pop,0.753,0.626,0.238,169.06,0.264,0.057,0.119,0.673
indie folk,0.958,0.233,0.289,171.901,0.151,0.0328,0.2,0.00725
indie pop,0.958,0.233,0.289,171.901,0.151,0.0328,0.2,0.00725
indie folk,0.95,0.259,0.405,115.118,0.301,0.0352,0.133,0.663
indie pop,0.95,0.259,0.405,115.118,0.301,0.0352,0.133,0.663
indie folk,0.285,0.696,0.278,181.702,0.202,0.0729,0.15,0.00261
indie pop,0.285,0.696,0.278,181.702,0.202,0.0729,0.15,0.00261
indie folk,0.188,0.618,0.519,134.036,0.146,0.0254,0.106,7.34e-06
indie pop,0.188,0.618,0.519,134.036,0.146,0.0254,0.106,7.34e-06
indie rock,0.188,0.618,0.519,134.036,0.146,0.0254,0.106,7.34e-06
indie folk,0.103,0.776,0.536,149.891,0.393,0.0417,0.0835,0.871
indie pop,0.103,0.776,0.536,149.891,0.393,0.0417,0.0835,0.871
indie rock,0.103,0.776,0.536,149.891,0.393,0.0417,0.0835,0.871
indie folk,0.407,0.663,0.454,173.988,0.451,0.0415,0.0913,0.0466
indie pop,0.407,0.663,0.454,173.988,0.451,0.0415,0.0913,0.0466
indie rock,0.407,0.663,0.454,173.988,0.451,0.0415,0.0913,0.0466
indie folk,0.96,0.472,0.481,115.978,0.307,0.0357,0.114,0.00916
indie pop,0.96,0.472,0.481,115.978,0.307,0.0357,0.114,0.00916
indie rock,0.96,0.472,0.481,115.978,0.307,0.0357,0.114,0.00916
indie folk,0.138,0.825,0.458,145.997,0.478,0.0367,0.116,0.88
indie pop,0.138,0.825,0.458,145.997,0.478,0.0367,0.116,0.88
indie rock,0.138,0.825,0.458,145.997,0.478,0.0367,0.116,0.88
indie folk,0.644,0.496,0.511,160.017,0.174,0.0365,0.0887,0.294
indie pop,0.644,0.496,0.511,160.017,0.174,0.0365,0.0887,0.294
indie rock,0.644,0.496,0.511,160.017,0.174,0.0365,0.0887,0.294
indie folk,0.644,0.496,0.499,140.047,0.135,0.0327,0.0934,0.368
indie pop,0.644,0.496,0.499,140.047,0.135,0.0327,0.0934,0.368
indie rock,0.644,0.496,0.499,140.047,0.135,0.0327,0.0934,0.368
indie folk,0.154,0.852,0.438,171.988,0.35,0.177,0.112,0.726
indie pop,0.154,0.852,0.438,171.988,0.35,0.177,0.112,0.726
indie rock,0.154,0.852,0.438,171.988,0.35,0.177,0.112,0.726
indie folk,0.779,0.423,0.473,115.944,0.152,0.0346,0.0952,0.00393
indie pop,0.779,0.423,0.473,115.944,0.152,0.0346,0.0952,0.00393
indie rock,0.779,0.423,0.473,115.944,0.152,0.0346,0.0952,0.00393
indie folk,0.867,0.438,0.523,126.028,0.104,0.0356,0.123,0.0723
indie pop,0.867,0.438,0.523,126.028,0.104,0.0356,0.123,0.0723
indie rock,0.867,0.438,0.523,126.028,0.104,0.0356,0.123,0.0723
indie folk,0.776,0.702,0.469,167.755,0.433,0.0423,0.254,0.253
indie pop,0.776,0.702,0.469,167.755,0.433,0.0423,0.254,0.253
indie rock,0.776,0.702,0.469,167.755,0.433,0.0423,0.254,0.253
indie folk,0.789,0.657,0.501,110.11,0.287,0.0443,0.0908,0.0997
indie pop,0.789,0.657,0.501,110.11,0.287,0.0443,0.0908,0.0997
indie rock,0.789,0.657,0.501,110.11,0.287,0.0443,0.0908,0.0997
indie folk,0.791,0.515,0.457,113.921,0.1,0.0318,0.0976,0.00491
indie pop,0.791,0.515,0.457,113.921,0.1,0.0318,0.0976,0.00491
indie rock,0.791,0.515,0.457,113.921,0.1,0.0318,0.0976,0.00491
indietronica,0.785,0.375,0.435,58.015,0.443,0.385,0.787,0
indietronica,0.505,0.438,0.409,71.336,0.228,0.323,0.36,3.23e-06
indietronica,0.546,0.601,0.42,64.429,0.44,0.454,0.519,0
indietronica,0.261,0.611,0.39,119.136,0.435,0.107,0.0698,0
indietronica,0.26,0.712,0.606,124.1,0.701,0.413,0.363,0
indietronica,0.58,0.665,0.412,127.288,0.387,0.193,0.143,0
indietronica,0.144,0.56,0.445,102.414,0.432,0.134,0.315,0
indietronica,0.554,0.614,0.535,116.919,0.638,0.11,0.153,0
indietronica,0.212,0.635,0.439,127.79,0.516,0.382,0.228,0
indietronica,0.283,0.698,0.353,118.222,0.527,0.533,0.694,0
indietronica,0.222,0.723,0.488,127.888,0.335,0.543,0.287,0
indietronica,0.3,0.714,0.685,127.02,0.516,0.272,0.168,0
indietronica,0.657,0.644,0.426,123.861,0.409,0.311,0.318,0
indie r&b,0.845,0.348,0.103,176.468,0.144,0.0606,0.3,0.786
indie r&b,0.0714,0.901,0.763,119.968,0.77,0.165,0.251,0.0109
indie r&b,0.0702,0.796,0.719,119.958,0.72,0.0452,0.306,0.069
indie r&b,0.0802,0.629,0.572,120.037,0.474,0.0495,0.146,0
indie r&b,0.469,0.389,0.324,99.404,0.341,0.0306,0.172,0.814
indie r&b,0.00402,0.847,0.436,159.953,0.568,0.086,0.0965,0.00103
indie r&b,0.0302,0.673,0.641,167.978,0.644,0.0918,0.219,0.000868
indie r&b,0.6,0.256,0.187,75.317,0.792,0.21,0.141,0.196
indie r&b,0.166,0.411,0.586,90.005,0.288,0.0393,0.184,0.105
indie r&b,0.0247,0.838,0.409,199.88,0.639,0.0727,0.132,0.364
indie r&b,0.00632,0.602,0.509,120.784,0.345,0.0431,0.0796,0.155
indie r&b,0.972,0.305,0.189,130.095,0.0719,0.0338,0.123,0.957
indie r&b,0.0482,0.508,0.468,168.094,0.433,0.0927,0.299,0.00628
indie r&b,0.0744,0.849,0.68,119.971,0.586,0.0378,0.111,0.000242
indie r&b,0.0191,0.653,0.666,109.983,0.594,0.0315,0.365,0.0816
indie r&b,0.897,0.253,0.479,90.119,0.263,0.0288,0.123,0.00426
indie r&b,0.829,0.405,0.272,79.585,0.0388,0.0575,0.0881,0.112
indie r&b,0.408,0.496,0.323,111.761,0.103,0.0514,0.128,0.033
indie r&b,0.42,0.598,0.398,84.95,0.453,0.0946,0.237,0
indie r&b,0.069,0.913,0.678,159.923,0.781,0.0884,0.0732,0
indie r&b,0.0295,0.821,0.612,155.893,0.586,0.118,0.208,0.00114
indie r&b,0.938,0.0879,0.326,120.554,0.04,0.0417,0.0935,0.572
indie r&b,0.207,0.647,0.753,119.994,0.272,0.0867,0.15,0.000649
indie r&b,0.286,0.482,0.402,190.032,0.657,0.063,0.0677,0
indie r&b,0.933,0.0692,0.242,182.616,0.132,0.0377,0.243,0
indie folk,0.875,0.291,0.354,151.681,0.383,0.0324,0.681,1.9e-05
indie pop,0.875,0.291,0.354,151.681,0.383,0.0324,0.681,1.9e-05
indie folk,0.925,0.184,0.607,119.718,0.155,0.0319,0.792,0
indie pop,0.925,0.184,0.607,119.718,0.155,0.0319,0.792,0
indie folk,0.908,0.23,0.3,86.048,0.112,0.0302,0.693,0.000411
indie pop,0.908,0.23,0.3,86.048,0.112,0.0302,0.693,0.000411
indie folk,0.753,0.367,0.525,135.491,0.304,0.029,0.78,0
indie pop,0.753,0.367,0.525,135.491,0.304,0.029,0.78,0
indie folk,0.863,0.159,0.525,135.979,0.277,0.0341,0.692,0
indie pop,0.863,0.159,0.525,135.979,0.277,0.0341,0.692,0
indie folk,0.812,0.288,0.478,138.396,0.167,0.0302,0.744,1.53e-06
indie pop,0.812,0.288,0.478,138.396,0.167,0.0302,0.744,1.53e-06
indie folk,0.836,0.328,0.508,105.36,0.398,0.0278,0.956,0
indie pop,0.836,0.328,0.508,105.36,0.398,0.0278,0.956,0
indie folk,0.904,0.196,0.466,113.371,0.312,0.033,0.715,2.55e-06
indie pop,0.904,0.196,0.466,113.371,0.312,0.033,0.715,2.55e-06
indie folk,0.949,0.321,0.457,128.008,0.103,0.0309,0.905,0.000815
indie pop,0.949,0.321,0.457,128.008,0.103,0.0309,0.905,0.000815
indie folk,0.922,0.236,0.407,136.374,0.434,0.0943,0.695,0
indie pop,0.922,0.236,0.407,136.374,0.434,0.0943,0.695,0
indie folk,0.86,0.302,0.581,119.339,0.393,0.0308,0.729,0.000135
indie pop,0.86,0.302,0.581,119.339,0.393,0.0308,0.729,0.000135
indie pop,0.045,0.721,0.586,111.565,0.632,0.0322,0.353,0.0124
indie rock,0.045,0.721,0.586,111.565,0.632,0.0322,0.353,0.0124
indie pop,0.00539,0.512,0.572,116.343,0.344,0.0264,0.163,0.17
indie rock,0.00539,0.512,0.572,116.343,0.344,0.0264,0.163,0.17
indie pop,0.00236,0.916,0.457,171.402,0.819,0.068,0.714,0.183
indie rock,0.00236,0.916,0.457,171.402,0.819,0.068,0.714,0.183
indie pop,0.038,0.665,0.443,95.026,0.66,0.0588,0.385,0.336
indie rock,0.038,0.665,0.443,95.026,0.66,0.0588,0.385,0.336
indie pop,0.0168,0.733,0.393,117.168,0.341,0.0513,0.0804,0.0153
indie rock,0.0168,0.733,0.393,117.168,0.341,0.0513,0.0804,0.0153
indie pop,0.0316,0.921,0.321,177.23,0.58,0.119,0.695,1.33e-05
indie rock,0.0316,0.921,0.321,177.23,0.58,0.119,0.695,1.33e-05
indie pop,0.00773,0.582,0.522,133.98,0.324,0.0293,0.136,0.524
indie rock,0.00773,0.582,0.522,133.98,0.324,0.0293,0.136,0.524
indie pop,0.581,0.379,0.282,151.446,0.0809,0.0351,0.29,0.634
indie rock,0.581,0.379,0.282,151.446,0.0809,0.0351,0.29,0.634
indie pop,0.262,0.708,0.237,73.438,0.553,0.0466,0.0513,0.0703
indie rock,0.262,0.708,0.237,73.438,0.553,0.0466,0.0513,0.0703
indie pop,0.0754,0.733,0.611,105.302,0.216,0.0563,0.116,0.555
indie rock,0.0754,0.733,0.611,105.302,0.216,0.0563,0.116,0.555
indie pop,0.115,0.533,0.69,98.042,0.658,0.0278,0.245,0.0845
indie rock,0.115,0.533,0.69,98.042,0.658,0.0278,0.245,0.0845
indie pop,0.104,0.876,0.64,116.029,0.704,0.0359,0.221,0.0319
indie rock,0.104,0.876,0.64,116.029,0.704,0.0359,0.221,0.0319
indie pop,0.815,0.326,0.376,108.007,0.253,0.074,0.336,0.832
indie rock,0.815,0.326,0.376,108.007,0.253,0.074,0.336,0.832
indie pop,0.218,0.758,0.479,86.993,0.373,0.0334,0.756,0.0223
indie rock,0.218,0.758,0.479,86.993,0.373,0.0334,0.756,0.0223
indie pop,0.126,0.605,0.651,88.025,0.367,0.0314,0.192,0.00574
indie rock,0.126,0.605,0.651,88.025,0.367,0.0314,0.192,0.00574
indie pop,0.0363,0.734,0.648,85.612,0.546,0.0656,0.373,0.00077
indie rock,0.0363,0.734,0.648,85.612,0.546,0.0656,0.373,0.00077
indie pop,0.0305,0.571,0.321,78.739,0.0986,0.0264,0.523,0.12
indie rock,0.0305,0.571,0.321,78.739,0.0986,0.0264,0.523,0.12
indie pop,0.000645,0.784,0.313,143.844,0.426,0.0478,0.0745,0.486
indie rock,0.000645,0.784,0.313,143.844,0.426,0.0478,0.0745,0.486
indie pop,0.335,0.281,0.272,174.762,0.339,0.0332,0.121,0.000742
indie rock,0.335,0.281,0.272,174.762,0.339,0.0332,0.121,0.000742
indie folk,0.841,0.318,0.243,98.869,0.0945,0.0303,0.101,0.0211
indie folk,0.0785,0.458,0.428,123.208,0.314,0.0368,0.124,0.000631
indie folk,0.36,0.432,0.405,106.961,0.346,0.0292,0.118,0.00334
indie folk,0.236,0.632,0.596,138.95,0.859,0.0262,0.112,2.65e-05
indie folk,0.496,0.364,0.317,86.829,0.064,0.0283,0.129,0.0131
indie folk,0.0849,0.46,0.325,124.864,0.207,0.0335,0.103,3.6e-06
indie folk,0.882,0.294,0.431,88.085,0.183,0.0269,0.111,0.901
indie folk,0.198,0.833,0.453,144.019,0.62,0.0351,0.273,0.0297
indie folk,0.861,0.248,0.502,128.124,0.259,0.0336,0.108,0
indie folk,0.757,0.342,0.35,123.721,0.175,0.0347,0.0892,0.000277
indie folk,0.909,0.0514,0.426,88.907,0.266,0.0735,0.108,0.00138
indie folk,0.0111,0.709,0.353,157.621,0.215,0.0545,0.125,0.0497
mexican indie,0.0591,0.652,0.584,117.979,0.178,0.0313,0.228,0.0589
mexican indie,0.447,0.526,0.272,89.53,0.182,0.0269,0.12,0.00557
mexican indie,0.257,0.411,0.425,139.832,0.0504,0.0371,0.092,0.00922
mexican indie,0.309,0.69,0.525,113.916,0.261,0.0322,0.27,0.0159
mexican indie,0.465,0.656,0.225,97.543,0.0971,0.0363,0.121,0.00531
mexican indie,0.209,0.623,0.468,116.866,0.162,0.0301,0.111,0.0176
mexican indie,0.867,0.328,0.396,133.814,0.0622,0.0294,0.249,8.29e-06
mexican indie,0.123,0.575,0.476,127.921,0.21,0.0281,0.125,0.00462
mexican indie,0.251,0.622,0.313,177.752,0.156,0.0335,0.305,0.0135
mexican indie,0.211,0.64,0.383,140.059,0.208,0.035,0.5,0.0136
mexican indie,0.513,0.469,0.406,95.858,0.126,0.0277,0.105,0.0073
mexican indie,0.116,0.57,0.472,87.041,0.0448,0.0247,0.122,0.000225
mexican indie,0.639,0.42,0.533,108.994,0.0529,0.0271,0.0985,0.000602
indie r&b,0.00827,0.632,0.611,138.974,0.382,0.0304,0.0538,0.00087
indie r&b,0.145,0.657,0.646,139.99,0.42,0.0628,0.459,5.7e-05
indie r&b,0.00287,0.708,0.386,110.354,0.0901,0.0489,0.245,2.26e-05
indie r&b,0.18,0.633,0.58,123.73,0.437,0.109,0.335,5.23e-06
indie r&b,0.0643,0.545,0.713,126.063,0.365,0.0559,0.176,0.00557
indie r&b,0.0108,0.565,0.598,92.126,0.327,0.0471,0.307,0.0471
indie r&b,0.00767,0.524,0.344,161.119,0.149,0.0516,0.441,0.126
indie r&b,0.107,0.789,0.596,170.237,0.361,0.227,0.0532,0.0257
indie r&b,0.2,0.47,0.543,124.047,0.326,0.0334,0.114,0.000156
indie r&b,0.835,0.39,0.245,90.454,0.206,0.0328,0.0883,0.00395
indie christmas,9.93e-05,0.775,0.518,107.026,0.411,0.0303,0.336,0.00013
indie folk,9.93e-05,0.775,0.518,107.026,0.411,0.0303,0.336,0.00013
indie pop,9.93e-05,0.775,0.518,107.026,0.411,0.0303,0.336,0.00013
indie rock,9.93e-05,0.775,0.518,107.026,0.411,0.0303,0.336,0.00013
indie christmas,0.0133,0.878,0.546,119.945,0.358,0.0525,0.135,0
indie folk,0.0133,0.878,0.546,119.945,0.358,0.0525,0.135,0
indie pop,0.0133,0.878,0.546,119.945,0.358,0.0525,0.135,0
indie rock,0.0133,0.878,0.546,119.945,0.358,0.0525,0.135,0
indie christmas,0.0476,0.623,0.627,147.983,0.447,0.0267,0.149,1.09e-06
indie folk,0.0476,0.623,0.627,147.983,0.447,0.0267,0.149,1.09e-06
indie pop,0.0476,0.623,0.627,147.983,0.447,0.0267,0.149,1.09e-06
indie rock,0.0476,0.623,0.627,147.983,0.447,0.0267,0.149,1.09e-06
indie christmas,0.0151,0.835,0.53,158.888,0.632,0.0477,0.0946,2.91e-06
indie folk,0.0151,0.835,0.53,158.888,0.632,0.0477,0.0946,2.91e-06
indie pop,0.0151,0.835,0.53,158.888,0.632,0.0477,0.0946,2.91e-06
indie rock,0.0151,0.835,0.53,158.888,0.632,0.0477,0.0946,2.91e-06
indie christmas,0.704,0.384,0.461,201.705,0.403,0.0306,0.123,1.24e-05
indie folk,0.704,0.384,0.461,201.705,0.403,0.0306,0.123,1.24e-05
indie pop,0.704,0.384,0.461,201.705,0.403,0.0306,0.123,1.24e-05
indie rock,0.704,0.384,0.461,201.705,0.403,0.0306,0.123,1.24e-05
indie christmas,0.00113,0.914,0.613,101.026,0.749,0.0366,0.302,5.14e-06
indie folk,0.00113,0.914,0.613,101.026,0.749,0.0366,0.302,5.14e-06
indie pop,0.00113,0.914,0.613,101.026,0.749,0.0366,0.302,5.14e-06
indie rock,0.00113,0.914,0.613,101.026,0.749,0.0366,0.302,5.14e-06
indie christmas,0.354,0.45,0.604,109.911,0.445,0.0264,0.108,0.000169
indie folk,0.354,0.45,0.604,109.911,0.445,0.0264,0.108,0.000169
indie pop,0.354,0.45,0.604,109.911,0.445,0.0264,0.108,0.000169
indie rock,0.354,0.45,0.604,109.911,0.445,0.0264,0.108,0.000169
indie christmas,0.0106,0.578,0.687,97,0.75,0.0239,0.192,3.78e-05
indie folk,0.0106,0.578,0.687,97,0.75,0.0239,0.192,3.78e-05
indie pop,0.0106,0.578,0.687,97,0.75,0.0239,0.192,3.78e-05
indie rock,0.0106,0.578,0.687,97,0.75,0.0239,0.192,3.78e-05
indie christmas,0.00567,0.542,0.653,140.012,0.636,0.0279,0.102,0.00193
indie folk,0.00567,0.542,0.653,140.012,0.636,0.0279,0.102,0.00193
indie pop,0.00567,0.542,0.653,140.012,0.636,0.0279,0.102,0.00193
indie rock,0.00567,0.542,0.653,140.012,0.636,0.0279,0.102,0.00193
indie christmas,0.134,0.554,0.578,121.022,0.326,0.0294,0.0654,8.07e-05
indie folk,0.134,0.554,0.578,121.022,0.326,0.0294,0.0654,8.07e-05
indie pop,0.134,0.554,0.578,121.022,0.326,0.0294,0.0654,8.07e-05
indie rock,0.134,0.554,0.578,121.022,0.326,0.0294,0.0654,8.07e-05
indie christmas,0.0147,0.815,0.626,119.959,0.0762,0.116,0.0863,0.00129
indie folk,0.0147,0.815,0.626,119.959,0.0762,0.116,0.0863,0.00129
indie pop,0.0147,0.815,0.626,119.959,0.0762,0.116,0.0863,0.00129
indie rock,0.0147,0.815,0.626,119.959,0.0762,0.116,0.0863,0.00129
indie r&b,0.000302,0.577,0.854,123.992,0.931,0.0693,0.0384,0.000855
indie r&b,0.000401,0.95,0.653,139.98,0.9,0.0358,0.115,5.79e-05
indie r&b,0.0131,0.82,0.569,173.949,0.598,0.0461,0.219,1.63e-05
indie r&b,0.000637,0.864,0.8,117.965,0.457,0.0526,0.147,0.0306
indie r&b,0.000129,0.941,0.595,133.982,0.197,0.0534,0.325,2.34e-06
indie r&b,0.0585,0.537,0.714,100.154,0.82,0.179,0.0951,0
indie r&b,0.0953,0.767,0.719,144.976,0.666,0.0506,0.111,0
indie r&b,0.0271,0.668,0.515,129.782,0.278,0.0398,0.366,4.67e-06
indie r&b,0.00378,0.92,0.684,105.476,0.729,0.0407,0.21,0
indie r&b,0.00348,0.907,0.55,160.167,0.357,0.0472,0.172,0
indie r&b,0.0411,0.921,0.723,125.003,0.935,0.0642,0.217,0
indie r&b,0.00174,0.797,0.574,179.011,0.129,0.155,0.0809,1.28e-05
indie r&b,0.0511,0.645,0.852,116.055,0.733,0.0968,0.0716,0.000426
indie r&b,0.00353,0.768,0.632,115.943,0.423,0.0374,0.429,0
indie r&b,0.00855,0.91,0.386,190.08,0.657,0.193,0.676,0
indie r&b,0.708,0.434,0.348,136.849,0.139,0.0318,0.106,0.0293
indie r&b,0.768,0.394,0.426,140.072,0.252,0.0476,0.104,0.0062
indie r&b,0.413,0.659,0.612,144.904,0.25,0.0476,0.11,0.402
indie r&b,0.881,0.612,0.498,80.042,0.149,0.12,0.132,0
indie r&b,0.871,0.254,0.289,77.499,0.185,0.0474,0.135,0.0745
indie r&b,0.97,0.184,0.396,70.371,0.0889,0.0536,0.0992,0.00969
indie r&b,0.189,0.658,0.507,134.934,0.248,0.0373,0.115,0.668
indie r&b,0.049,0.698,0.533,124.217,0.303,0.0339,0.0992,0.281
indie r&b,0.698,0.591,0.527,140.045,0.108,0.0646,0.143,0.00693
indie r&b,0.969,0.196,0.323,138.917,0.103,0.0376,0.113,0.394
indie folk,0.714,0.292,0.75,109.769,0.489,0.0357,0.118,0.0464
indie folk,0.391,0.874,0.617,89.596,0.961,0.0358,0.466,0.363
indie folk,0.642,0.425,0.557,116.621,0.518,0.033,0.261,0.683
indie folk,0.498,0.599,0.663,112.371,0.971,0.0267,0.215,0.767
indie folk,0.76,0.355,0.776,111.588,0.12,0.039,0.0898,0.836
indie folk,0.488,0.73,0.688,94.053,0.829,0.0722,0.0671,0.624
indie folk,0.888,0.27,0.599,145.867,0.505,0.0278,0.115,0.81
indie folk,0.222,0.53,0.537,139.488,0.754,0.0425,0.078,0.292
indie folk,0.293,0.428,0.702,81.519,0.688,0.0272,0.0945,0.0338
indie r&b,0.205,0.466,0.674,135.035,0.555,0.0399,0.0988,0.288
indie r&b,0.0329,0.579,0.646,114.996,0.271,0.0336,0.222,0.665
indie r&b,0.0759,0.626,0.636,99.957,0.534,0.0626,0.0883,0.00581
indie r&b,0.129,0.421,0.421,173.85,0.271,0.0607,0.194,2.42e-05
indie r&b,0.486,0.388,0.61,84.985,0.442,0.115,0.156,0.000377
indie r&b,0.0343,0.472,0.55,180.154,0.0499,0.0661,0.327,0.013
indie r&b,0.128,0.838,0.696,123.025,0.741,0.0399,0.397,0.312
indie r&b,0.338,0.645,0.471,80.028,0.228,0.0335,0.55,8.87e-05
indie r&b,0.643,0.452,0.665,129.955,0.369,0.0294,0.104,2.69e-05
indie r&b,0.182,0.486,0.503,184.015,0.298,0.06,0.11,0.00428
indie r&b,0.653,0.514,0.515,119.695,0.175,0.0618,0.313,0.00652
indie r&b,0.649,0.373,0.374,114.841,0.0901,0.0338,0.287,0.91
indie r&b,0.121,0.535,0.194,88.682,0.159,0.0307,0.0928,6.06e-05
indie r&b,0.419,0.55,0.697,111.05,0.233,0.0441,0.105,0
indie r&b,0.00156,0.641,0.291,92.008,0.0396,0.0315,0.342,0.854
indie r&b,0.35,0.351,0.224,135.878,0.0678,0.0307,0.218,0.167
indie r&b,0.0199,0.507,0.572,129.066,0.338,0.0267,0.192,5.97e-05
indie r&b,0.0212,0.416,0.786,109.962,0.293,0.0497,0.1,0.866
indie r&b,0.943,0.325,0.545,105.85,0.0389,0.0528,0.112,0.315
indietronica,0.0126,0.811,0.6,100.894,0.372,0.102,0.969,0.05
indietronica,0.0658,0.939,0.381,155.142,0.449,0.139,0.944,0.402
indietronica,0.00252,0.718,0.673,116.729,0.936,0.0419,0.698,0.318
indietronica,0.00505,0.801,0.773,132.899,0.687,0.186,0.698,0.00104
indietronica,0.000105,0.869,0.62,118.99,0.721,0.035,0.737,0.604
indietronica,0.000546,0.849,0.51,164.207,0.888,0.119,0.689,0.000748
indietronica,0.000116,0.9,0.7,119.708,0.787,0.041,0.762,0.804
indietronica,0.00847,0.872,0.485,145.349,0.598,0.0615,0.962,0.749
indietronica,0.000816,0.944,0.0935,164.185,0.282,0.081,0.847,0.936
indietronica,0.623,0.337,0.313,51.761,0.307,0.038,0.472,0.929
indietronica,0.0496,0.705,0.555,117.219,0.781,0.0472,0.216,0.0183
indietronica,0.00344,0.82,0.484,121.143,0.355,0.0473,0.871,0.133
indietronica,0.000314,0.858,0.564,125.206,0.555,0.0424,0.262,0.879
indietronica,0.00025,0.667,0.386,131.451,0.0675,0.0401,0.779,0.853
indietronica,0.00713,0.927,0.723,95.545,0.386,0.0796,0.937,0.0721
indietronica,0.00341,0.821,0.547,139.783,0.468,0.0447,0.615,0.0504
indietronica,0.000719,0.851,0.51,158.385,0.334,0.252,0.96,0.855
indietronica,0.00367,0.687,0.732,123.51,0.567,0.0881,0.741,0.275
indietronica,0.00472,0.645,0.75,131.883,0.615,0.0785,0.348,0.61
indietronica,8.56e-06,0.762,0.484,139.509,0.407,0.0329,0.941,0.722
indietronica,0.00026,0.795,0.517,103.685,0.358,0.124,0.743,0.872
indietronica,0.000137,0.852,0.508,134.731,0.309,0.0776,0.874,0.749
indietronica,0.00628,0.642,0.415,114.09,0.267,0.0673,0.163,0.00713
indietronica,0.00112,0.894,0.76,117.331,0.627,0.0596,0.716,0.539
indietronica,0.0143,0.789,0.561,129.488,0.429,0.0407,0.815,0.3
indietronica,0.275,0.89,0.333,137.689,0.739,0.052,0.962,0.922
indietronica,0.000363,0.931,0.287,156.563,0.281,0.107,0.397,0.599
indietronica,0.00887,0.491,0.237,153.713,0.0395,0.0427,0.382,0.38
indie rock,0.125,0.941,0.487,128.885,0.242,0.0734,0.444,0.00865
indie rock,0.0425,0.96,0.352,138.735,0.534,0.0913,0.307,0.0426
indie rock,0.0176,0.814,0.317,111.122,0.302,0.0445,0.638,0.00188
indie rock,0.297,0.817,0.302,121.692,0.096,0.0754,0.0919,0.298
indie rock,0.0655,0.894,0.169,84.151,0.121,0.0808,0.542,0.00607
indie rock,0.239,0.72,0.351,96.664,0.156,0.0266,0.0763,0.962
indie rock,0.882,0.143,,0,,,,0
indie rock,0.741,0.046,0.648,126.472,0.572,0.662,0.267,0
indie rock,0.212,0.0454,0.709,81.12,0.734,0.852,0.149,0
indie rock,0.712,0.0592,0.622,84.205,0.509,0.906,0.29,0
indie rock,0.527,0.0452,0.611,149.555,0.561,0.938,0.253,0
indie rock,0.752,0.0777,0.776,54.817,0.628,0.873,0.174,0
indie rock,0.769,0.0932,0.647,63.9,0.599,0.924,0.249,0
indie rock,0.274,0.0623,0.603,99.476,0.486,0.934,0.408,0
indie rock,0.331,0.064,0.597,141.733,0.524,0.892,0.299,0
indie rock,0.259,0.0296,0.684,121.357,0.443,0.722,0.322,0
indie rock,0.488,0.0652,0.618,101.372,0.36,0.931,0.437,0
indie rock,0.453,0.0575,0.598,88.106,0.575,0.908,0.235,0
indie rock,0.66,0.0613,0.516,190.608,0.809,0.945,0.191,0
indie rock,0.836,0.104,0.67,100.232,0.619,0.868,0.292,0
indie rock,0.66,0.0766,0.698,129.037,0.529,0.895,0.259,0
indie christmas,0.706,0.228,0.713,126.575,0.5,0.639,0.146,0
indie pop,0.706,0.228,0.713,126.575,0.5,0.639,0.146,0
indie christmas,0.708,0.268,0.695,84.514,0.662,0.921,0.156,0
indie pop,0.708,0.268,0.695,84.514,0.662,0.921,0.156,0
indie christmas,0.818,0.257,0.706,76.076,0.652,0.918,0.14,0
indie pop,0.818,0.257,0.706,76.076,0.652,0.918,0.14,0
indie christmas,0.824,0.259,0.761,89.169,0.662,0.919,0.144,0
indie pop,0.824,0.259,0.761,89.169,0.662,0.919,0.144,0
indie christmas,0.802,0.259,0.762,80.999,0.54,0.872,0.167,0
indie pop,0.802,0.259,0.762,80.999,0.54,0.872,0.167,0
indie christmas,0.823,0.346,0.784,52.449,0.598,0.864,0.109,0
indie pop,0.823,0.346,0.784,52.449,0.598,0.864,0.109,0
indie christmas,0.524,0.186,0.759,109.971,0.652,0.365,0.107,0
indie pop,0.524,0.186,0.759,109.971,0.652,0.365,0.107,0
indie christmas,0.851,0.196,0.696,73.169,0.548,0.87,0.286,0
indie pop,0.851,0.196,0.696,73.169,0.548,0.87,0.286,0
indie christmas,0.747,0.206,0.742,65.307,0.264,0.499,0.183,0
indie pop,0.747,0.206,0.742,65.307,0.264,0.499,0.183,0
indie christmas,0.833,0.235,0.672,114.963,0.398,0.555,0.135,0
indie pop,0.833,0.235,0.672,114.963,0.398,0.555,0.135,0
indie christmas,0.858,0.337,0.72,67.404,0.867,0.953,0.178,0
indie pop,0.858,0.337,0.72,67.404,0.867,0.953,0.178,0
indie christmas,0.714,0.257,0.625,170.095,0.418,0.946,0.153,0
indie pop,0.714,0.257,0.625,170.095,0.418,0.946,0.153,0
indie r&b,0.832,0.364,0.3,103.195,0.269,0.0839,0.853,9.32e-06
indie r&b,0.819,0.438,0.726,100.031,0.479,0.043,0.632,0
indie r&b,0.801,0.723,0.483,175.892,0.546,0.17,0.259,5.39e-06
indie r&b,0.779,0.515,0.615,77.025,0.62,0.0466,0.952,0
indie r&b,0.705,0.519,0.707,127.022,0.458,0.0387,0.687,4.63e-05
indie r&b,0.719,0.698,0.744,107.182,0.91,0.0306,0.894,0.000797
indie r&b,0.466,0.667,0.587,107.884,0.577,0.0823,0.833,1.22e-06
indie r&b,0.801,0.692,0.68,116.046,0.733,0.084,0.859,0
indie r&b,0.891,0.314,0.663,119.991,0.568,0.0401,0.831,0.000152
indie r&b,0.805,0.472,0.68,95.989,0.37,0.0313,0.492,7.73e-06
indie r&b,0.685,0.915,0.74,117.017,0.618,0.0815,0.599,0.0108
indie r&b,0.649,0.7,0.798,130.188,0.629,0.0937,0.901,2.7e-05
indie r&b,0.719,0.626,0.686,106.113,0.505,0.0302,0.715,0
indie r&b,0.806,0.605,0.742,129.979,0.711,0.0962,0.795,2.81e-05
indie r&b,0.815,0.546,0.579,126.745,0.278,0.0594,0.811,2.09e-05
indie folk,0.904,0.429,0.413,76.4,0.3,0.0294,0.108,0.000109
indie folk,0.514,0.713,0.458,120.052,0.658,0.0433,0.155,2.94e-06
indie folk,0.915,0.39,0.351,110.557,0.502,0.0346,0.123,0
indie folk,0.72,0.723,0.518,103.027,0.448,0.0725,0.144,0.0197
indie folk,0.977,0.393,0.45,80.352,0.425,0.039,0.104,2.75e-05
indie folk,0.686,0.722,0.41,143.725,0.416,0.0343,0.0782,0.00576
indie folk,0.724,0.737,0.468,74.993,0.573,0.0329,0.143,0.000136
indie folk,0.879,0.58,0.687,118.434,0.657,0.0324,0.0957,4.02e-05
indie folk,0.584,0.6,0.456,108.047,0.438,0.0294,0.187,0.000907
indie folk,0.715,0.231,0.682,80.023,0.563,0.0452,0.212,2.08e-05
british indie rock,0.0106,0.943,0.359,180.036,0.198,0.098,0.176,0.011
british indie rock,0.116,0.793,0.529,125.001,0.593,0.0358,0.155,3.3e-06
british indie rock,0.00823,0.86,0.301,126.971,0.324,0.0492,0.307,0.0553
british indie rock,0.0103,0.585,0.343,179.888,0.193,0.0306,0.0673,2.9e-06
british indie rock,0.416,0.56,0.532,124.87,0.176,0.0308,0.154,0.00194
british indie rock,0.0256,0.916,0.579,122.007,0.406,0.0476,0.149,0.000264
british indie rock,0.864,0.242,0.261,104.836,0.133,0.0334,0.087,9.07e-06
british indie rock,0.0156,0.934,0.636,110.019,0.811,0.0387,0.496,0.101
british indie rock,0.000957,0.708,0.444,89.929,0.393,0.0278,0.12,0.000761
british indie rock,0.787,0.367,0.299,124.949,0.0389,0.0313,0.114,0.0136
indietronica,0.000726,0.872,0.571,95.795,0.41,0.038,0.247,0.127
indietronica,0.00471,0.799,0.542,92.215,0.426,0.0354,0.0814,0.0161
indietronica,0.0416,0.856,0.348,188.046,0.261,0.0979,0.203,0
indietronica,0.0513,0.526,0.537,108.017,0.0861,0.0303,0.125,0.0409
indietronica,0.00383,0.89,0.608,141.601,0.611,0.0361,0.0982,0.000418
indietronica,0.0188,0.964,0.597,100.017,0.141,0.045,0.195,8.8e-05
indietronica,2.83e-05,0.82,0.553,150.068,0.365,0.04,0.0928,0.127
indietronica,0.0684,0.503,0.424,76.454,0.122,0.0281,0.233,0.137
indietronica,0.0155,0.823,0.402,122.941,0.239,0.101,0.134,0.183
indietronica,0.00149,0.813,0.47,91.995,0.303,0.0314,0.0359,5.58e-05
indietronica,0.054,0.637,0.334,171.699,0.08,0.0343,0.0948,6.2e-05
indie pop,0.00431,0.613,0.739,95.006,0.421,0.0385,0.294,2.64e-06
indietronica,0.00431,0.613,0.739,95.006,0.421,0.0385,0.294,2.64e-06
indie pop,0.0175,0.69,0.717,77.507,0.684,0.148,0.281,0
indietronica,0.0175,0.69,0.717,77.507,0.684,0.148,0.281,0
indie pop,0.12,0.75,0.718,124.967,0.506,0.0315,0.137,4.38e-06
indietronica,0.12,0.75,0.718,124.967,0.506,0.0315,0.137,4.38e-06
indie pop,0.231,0.72,0.854,138.037,0.91,0.0446,0.309,0.000136
indietronica,0.231,0.72,0.854,138.037,0.91,0.0446,0.309,0.000136
indie pop,0.0629,0.852,0.615,169.988,0.823,0.035,0.345,1.91e-05
indietronica,0.0629,0.852,0.615,169.988,0.823,0.035,0.345,1.91e-05
indie pop,0.013,0.752,0.732,139.985,0.883,0.0825,0.0459,0.000176
indietronica,0.013,0.752,0.732,139.985,0.883,0.0825,0.0459,0.000176
indie pop,0.413,0.769,0.69,80.034,0.472,0.0631,0.122,0
indietronica,0.413,0.769,0.69,80.034,0.472,0.0631,0.122,0
indie pop,0.0158,0.746,0.719,93.028,0.105,0.0564,0.374,0.00234
indietronica,0.0158,0.746,0.719,93.028,0.105,0.0564,0.374,0.00234
indie pop,0.249,0.82,0.685,100.051,0.745,0.0342,0.351,0
indietronica,0.249,0.82,0.685,100.051,0.745,0.0342,0.351,0
indie pop,0.774,0.185,0.396,59.613,0.211,0.0322,0.115,0.00011
indietronica,0.774,0.185,0.396,59.613,0.211,0.0322,0.115,0.00011
indie christmas,0.0786,0.491,0.735,82.583,0.556,0.0536,0.123,0.000719
indie folk,0.0786,0.491,0.735,82.583,0.556,0.0536,0.123,0.000719
indie christmas,0.316,0.694,0.585,138.363,0.745,0.0391,0.084,0.0183
indie folk,0.316,0.694,0.585,138.363,0.745,0.0391,0.084,0.0183
indie christmas,0.7,0.455,0.693,91.128,0.621,0.0501,0.0939,0.108
indie folk,0.7,0.455,0.693,91.128,0.621,0.0501,0.0939,0.108
indie christmas,0.068,0.536,0.738,125.27,0.479,0.0515,0.0605,0.0022
indie folk,0.068,0.536,0.738,125.27,0.479,0.0515,0.0605,0.0022
indie christmas,0.955,0.135,0.67,125.269,0.538,0.0432,0.111,0.0164
indie folk,0.955,0.135,0.67,125.269,0.538,0.0432,0.111,0.0164
indie christmas,0.239,0.313,0.412,96.05,0.222,0.0375,0.113,0
indie folk,0.239,0.313,0.412,96.05,0.222,0.0375,0.113,0
indie christmas,0.343,0.482,0.742,99.864,0.67,0.0295,0.106,0.00269
indie folk,0.343,0.482,0.742,99.864,0.67,0.0295,0.106,0.00269
indie christmas,0.799,0.268,0.616,117.093,0.251,0.0395,0.103,0.0247
indie folk,0.799,0.268,0.616,117.093,0.251,0.0395,0.103,0.0247
indie christmas,0.389,0.539,0.485,122.822,0.422,0.0532,0.123,0.00356
indie folk,0.389,0.539,0.485,122.822,0.422,0.0532,0.123,0.00356
indie christmas,0.0025,0.611,0.343,144.684,0.28,0.0376,0.117,0.00231
indie folk,0.0025,0.611,0.343,144.684,0.28,0.0376,0.117,0.00231
indie christmas,0.913,0.312,0.311,200.493,0.31,0.045,0.155,0.0602
indie folk,0.913,0.312,0.311,200.493,0.31,0.045,0.155,0.0602
indie psych-pop,0.949,0.222,0.297,168.964,0.0887,0.0537,0.142,0.126
indie psych-pop,0.0517,0.661,0.694,132.004,0.391,0.0582,0.105,0.286
indie psych-pop,0.662,0.433,0.523,119.391,0.425,0.0851,0.107,0.0385
indie psych-pop,0.716,0.387,0.682,135.015,0.242,0.0349,0.11,0.96
indie psych-pop,0.332,0.488,0.615,146.005,0.332,0.276,0.104,0.00166
indie psych-pop,0.991,0.262,0.239,69.531,0.138,0.0365,0.249,0.791
indie psych-pop,0.787,0.327,0.123,97.248,0.0364,0.036,0.0545,0.829
indie psych-pop,0.016,0.582,0.772,124.021,0.171,0.0423,0.0808,0.015
indie psych-pop,0.163,0.418,0.703,143.027,0.439,0.0325,0.157,0.0222
indie psych-pop,0.111,0.723,0.247,84.956,0.221,0.0958,0.127,0.0107
indie psych-pop,0.673,0.567,0.585,127.969,0.0586,0.0382,0.0958,0.513
indie psych-pop,0.823,0.241,0.303,130.312,0.116,0.0358,0.127,0.716
indietronica,0.000103,0.596,0.555,108.032,0.0763,0.0284,0.214,0.618
indietronica,4.36e-05,0.688,0.488,88.975,0.16,0.0269,0.0857,0.178
indietronica,0.00128,0.447,0.687,119.993,0.241,0.0355,0.0966,0.00259
indietronica,0.00155,0.637,0.575,137.975,0.0852,0.0317,0.0776,0.0116
indietronica,0.00499,0.573,0.617,124.982,0.162,0.0303,0.427,2.29e-05
indietronica,0.0792,0.244,0.198,61.974,0.0381,0.0385,0.104,0.198
indietronica,0.0829,0.345,0.433,137.802,0.0387,0.0304,0.169,0.00223
indietronica,4.99e-05,0.862,0.514,114.039,0.373,0.0306,0.175,0.138
indietronica,0.00238,0.62,0.562,126.102,0.393,0.0291,0.0594,0.00104
indietronica,0.171,0.463,0.62,112.354,0.0431,0.0375,0.134,0.0833
indietronica,0.154,0.437,0.542,130.028,0.115,0.0299,0.154,0.153
indietronica,0.000706,0.639,0.463,130.049,0.141,0.0395,0.132,0.00183
indietronica,0.674,0.513,0.427,88.859,0.345,0.0563,0.199,0.0887
indietronica,0.0285,0.485,0.405,189.862,0.309,0.0437,0.592,0.000114
indietronica,0.0914,0.547,0.633,113.258,0.306,0.0345,0.0952,0.905
indietronica,0.425,0.593,0.402,125.018,0.0395,0.0349,0.0921,0.406
indietronica,0.000387,0.604,0.59,99.998,0.254,0.028,0.0992,0.895
indietronica,0.0124,0.429,0.342,150.106,0.135,0.0346,0.273,0.353
indietronica,0.00342,0.456,0.7,100.003,0.373,0.0381,0.0841,0.162
indietronica,0.0157,0.681,0.527,89.041,0.0694,0.036,0.114,0.245
indietronica,0.000284,0.82,0.299,98.898,0.176,0.0659,0.0657,0.0263
indietronica,0.00741,0.468,0.946,126.005,0.214,0.109,0.0705,0.0488
indietronica,0.108,0.62,0.571,177.848,0.429,0.0822,0.135,0.0307
indietronica,0.00616,0.632,0.7,126.006,0.439,0.0324,0.147,0.219
indietronica,0.664,0.519,0.315,115.498,0.0518,0.0618,0.214,0.0612
indietronica,0.19,0.467,0.497,144.957,0.143,0.0384,0.0888,0.0302
indie r&b,0.321,0.422,0.749,98.82,0.587,0.0733,0.11,0.155
indie r&b,0.21,0.635,0.698,106.02,0.659,0.0318,0.0975,0.527
indie r&b,0.00122,0.503,0.546,165.626,0.268,0.0354,0.135,0.565
indie r&b,0.285,0.662,0.556,159.823,0.377,0.128,0.124,0
indie r&b,0.121,0.573,0.715,95.016,0.26,0.0671,0.0956,0
indie r&b,0.0499,0.669,0.867,125.006,0.645,0.148,0.112,0.000467
indie r&b,0.241,0.726,0.598,168.013,0.585,0.0985,0.0739,1.12e-05
indie r&b,0.00717,0.888,0.748,112.035,0.457,0.269,0.242,0
indie r&b,0.147,0.421,0.677,139.991,0.587,0.0471,0.083,0.0841
indie r&b,0.106,0.74,0.747,124.069,0.822,0.121,0.144,5.03e-05
indie r&b,0.181,0.781,0.735,130.064,0.486,0.0448,0.491,0
indie r&b,0.491,0.54,0.744,144.074,0.411,0.0412,0.087,0
indie pop,0.0168,0.964,0.552,120.028,0.649,0.0495,0.174,7.69e-05
indie pop,0.0857,0.897,0.59,125.669,0.66,0.0501,0.0617,5.81e-05
indie pop,0.0204,0.965,0.587,132.826,0.763,0.0885,0.097,0.00296
indie pop,0.0955,0.895,0.541,96.483,0.865,0.0712,0.306,0.000172
indie pop,0.117,0.993,0.414,91.252,0.293,0.0947,0.0947,0.141
indie pop,0.000567,0.87,0.572,127.829,0.836,0.0495,0.151,0.154
indie pop,0.000102,0.909,0.354,79.996,0.601,0.0459,0.349,0.21
indie pop,0.0127,0.961,0.559,93.54,0.776,0.18,0.166,0.652
indie pop,0.0546,0.7,0.323,102.599,0.639,0.0393,0.346,0.0134
indie pop,0.00234,0.892,0.237,164.97,0.539,0.0578,0.269,0
indie pop,2.12e-05,0.86,0.45,155.862,0.776,0.0363,0.151,0.799
indie christmas,0.911,0.0798,0.576,81.895,0.657,0.948,0.427,0
indie christmas,0.832,0.0618,0.589,79.758,0.548,0.878,0.699,0
indie christmas,0.709,0.0221,0.585,48.926,0.438,0.796,0.194,0
indie christmas,0.803,0.125,0.682,117.178,0.595,0.915,0.514,0
indie christmas,0.716,0.0625,0.686,82.735,0.453,0.769,0.206,0
indie christmas,0.755,0.0896,0.615,92.44,0.501,0.911,0.327,0
indie christmas,0.736,0.0625,0.647,102.909,0.621,0.594,0.173,0
indie christmas,0.683,0.05,0.653,108.653,0.583,0.644,0.207,0
indie christmas,0.698,0.013,0.686,103.135,0.541,0.536,0.159,0
indietronica,0.0962,0.629,0.715,113.51,0.39,0.0337,0.0845,0.0325
indietronica,0.0482,0.489,0.824,116.982,0.793,0.076,0.0899,0.000375
indietronica,0.00842,0.651,0.723,119.987,0.394,0.0488,0.0753,0.0659
indietronica,0.0602,0.345,0.634,109.419,0.779,0.112,0.0812,0.000362
indietronica,0.667,0.333,0.545,93.758,0.297,0.0316,0.161,0
indietronica,0.0105,0.727,0.612,110.001,0.216,0.0267,0.138,0.0749
indietronica,0.272,0.499,0.882,115.983,0.514,0.0879,0.275,4.5e-05
indietronica,0.0122,0.705,0.689,120.043,0.149,0.0485,0.108,0.815
indietronica,0.116,0.349,0.678,134.061,0.294,0.0262,0.105,0.00917
indietronica,0.0719,0.86,0.454,152.849,0.387,0.0511,0.0922,0.00228
indietronica,0.415,0.43,0.587,124.019,0.215,0.0304,0.112,3.85e-06
indietronica,0.142,0.671,0.785,119.99,0.969,0.036,0.0962,0.575
indietronica,0.0083,0.841,0.671,179.992,0.567,0.0544,0.0677,0.0303
indietronica,0.124,0.54,0.672,116.992,0.46,0.031,0.23,0.00503
indietronica,0.000531,0.857,0.463,145.991,0.101,0.043,0.113,0.534
indietronica,0.000814,0.857,0.669,119.992,0.403,0.0456,0.28,0.00373
indietronica,0.00604,0.722,0.708,113.499,0.666,0.0454,0.0837,0.611
indietronica,0.042,0.721,0.679,117.997,0.129,0.0419,0.0853,0.868
indie christmas,0.166,0.764,0.303,155.015,0.21,0.0503,0.127,0.136
indie christmas,0.00919,0.573,0.584,100.992,0.258,0.025,0.0955,0.881
indie christmas,0.243,0.658,0.299,180.966,0.347,0.0465,0.118,0.0204
indie christmas,0.593,0.627,0.245,140.165,0.173,0.0333,0.205,0.0317
indie christmas,0.564,0.332,0.558,83.042,0.397,0.0278,0.111,0.00507
indie christmas,0.00365,0.57,0.497,125.145,0.0491,0.0283,0.166,0.0136
indie christmas,0.0866,0.668,0.288,156.571,0.318,0.038,0.101,0.0804
indie christmas,0.337,0.874,0.513,98.003,0.584,0.0289,0.126,0.00343
indie christmas,0.00961,0.507,0.534,121.796,0.214,0.0309,0.104,0.0309
indie christmas,0.141,0.406,0.578,132.492,0.396,0.0266,0.156,0.0677
indie rock,0.013,0.847,0.464,154.997,0.267,0.0413,0.347,0.442
indie rock,0.0125,0.835,0.512,147.019,0.354,0.0811,0.305,0.458
indie rock,0.0439,0.769,0.541,89.016,0.522,0.041,0.0846,0.0964
indie rock,0.251,0.388,0.481,81.974,0.0537,0.0259,0.0862,0.236
indie rock,0.139,0.857,0.599,125.993,0.4,0.04,0.116,0.817
indie rock,0.0973,0.574,0.687,127.961,0.453,0.0328,0.367,0.0637
indie rock,0.0289,0.656,0.409,106.997,0.0679,0.0403,0.118,0.246
indie rock,0.0185,0.905,0.472,76.516,0.687,0.0437,0.24,0.496
indie rock,0.501,0.693,0.575,129.965,0.116,0.0412,0.104,0.223
indie rock,0.0359,0.923,0.495,96.019,0.259,0.0427,0.182,0.0962
indie rock,0.069,0.51,0.677,127.131,0.403,0.0363,0.378,0.000199
indie rock,0.0625,0.904,0.643,125.059,0.734,0.037,0.0729,0
indie rock,0.0288,0.463,0.943,100.171,0.794,0.0369,0.0907,1.1e-05
indie rock,0.0106,0.859,0.483,148.696,0.463,0.036,0.114,0.54
indie rock,0.23,0.53,0.831,103.163,0.376,0.0312,0.098,0.0599
indie rock,8.73e-05,0.94,0.479,132.55,0.74,0.0561,0.0868,5.29e-06
indie rock,0.0891,0.726,0.812,128.093,0.96,0.0688,0.115,0.000285
indie rock,0.262,0.79,0.595,133.505,0.697,0.0369,0.157,0.527
indie rock,0.394,0.576,0.936,119.182,0.943,0.0554,0.455,0.152
indie rock,0.108,0.856,0.949,106.848,0.884,0.0345,0.0621,0.114
indie rock,0.345,0.79,0.769,132.172,0.975,0.036,0.162,0.00979
indie rock,0.00214,0.748,0.497,96.065,0.123,0.0282,0.393,0.0303
indie rock,0.00642,0.842,0.598,160.028,0.409,0.035,0.0732,0.00138
indie rock,0.00158,0.983,0.422,140.013,0.233,0.104,0.256,2.15e-06
indie rock,0.00234,0.944,0.628,140.001,0.872,0.0652,0.0755,0.000658
indie rock,0.0393,0.867,0.53,159.939,0.51,0.0514,0.338,0.00505
indie rock,0.0388,0.808,0.565,144.017,0.54,0.0318,0.111,1.15e-06
indie rock,0.0489,0.956,0.457,136.138,0.133,0.0779,0.121,0.000539
indie rock,0.00277,0.832,0.563,119.999,0.756,0.0394,0.164,1.52e-05
indie rock,0.0371,0.934,0.435,130.014,0.404,0.0672,0.388,0.00445
indie rock,0.000611,0.957,0.482,89.997,0.52,0.0431,0.0478,0.0796
indie rock,0.0145,0.695,0.655,123.06,0.249,0.0261,0.259,0.000128
indie rock,0.0119,0.875,0.351,184.151,0.34,0.0666,0.136,0.00214
indie r&b,0.538,0.359,0.606,78.902,0.13,0.0747,0.106,0.099
indie r&b,0.0688,0.86,0.658,149.999,0.798,0.0686,0.457,0.000167
indie r&b,0.288,0.555,0.702,101.007,0.494,0.0284,0.0965,0.49
indie r&b,0.0583,0.702,0.637,125.025,0.196,0.0313,0.38,0.0142
indie r&b,0.766,0.373,0.677,109.974,0.345,0.0357,0.108,0.0227
indie r&b,0.086,0.718,0.728,152.953,0.841,0.0593,0.0921,0.0461
indie r&b,0.116,0.994,,0,,,0.36,0.0946
indie r&b,0.374,0.539,0.645,156.921,0.595,0.0387,0.143,0.00465
indie r&b,0.412,0.43,0.513,124.992,0.115,0.0328,0.334,0.0564
indie r&b,0.029,0.68,0.404,154.728,0.559,0.0856,0.112,0.0536
indie r&b,0.0584,0.432,0.516,91.971,0.159,0.0364,0.0533,0.199
indie r&b,0.038,0.586,0.311,166.011,0.191,0.0348,0.0976,0.00462
indie r&b,0.000523,0.636,0.497,152.974,0.418,0.0439,0.106,0.000944
indie r&b,0.132,0.659,0.702,91.993,0.231,0.0408,0.342,0.0296
indie folk,0.989,0.458,0.761,117.035,0.347,0.0471,0.125,0.95
indie folk,0.0267,0.731,0.794,117.014,0.62,0.0276,0.109,0.0102
indie folk,0.00139,0.784,0.532,141.992,0.207,0.0532,0.142,0.0652
indie folk,0.00405,0.576,0.747,120.004,0.484,0.0336,0.138,0.0191
indie folk,0.118,0.691,0.888,124.031,0.684,0.0479,0.126,0.00189
indie folk,0.18,0.472,0.387,68.25,0.289,0.0293,0.211,5.29e-05
indie folk,0.149,0.597,0.701,92.023,0.721,0.0516,0.129,0
indie folk,0.0198,0.727,0.669,139.989,0.861,0.0325,0.0608,1.98e-05
indie folk,0.103,0.782,0.708,134.985,0.665,0.0301,0.112,1.1e-05
indie folk,0.741,0.476,0.485,99.471,0.353,0.0284,0.347,7.42e-05
french indie pop,0.57,0.319,0.643,169.939,0.48,0.0379,0.108,0.111
french indie pop,0.638,0.466,0.624,102.235,0.504,0.0473,0.181,6.49e-05
french indie pop,0.903,0.192,0.473,99.955,0.324,0.034,0.295,0.636
french indie pop,0.857,0.351,0.578,94.691,0.439,0.0305,0.119,2.28e-06
french indie pop,0.842,0.312,0.522,132.282,0.444,0.0311,0.137,0.00125
french indie pop,0.938,0.0163,0.511,122.57,0.436,0.0484,0.109,0.966
french indie pop,0.774,0.219,0.379,169.606,0.177,0.038,0.213,0.000334
french indie pop,0.488,0.718,0.54,200.261,0.643,0.0796,0.121,0.00577
french indie pop,0.977,0.114,0.45,115.235,0.297,0.109,0.108,0.00187
french indie pop,0.158,0.372,0.812,109.991,0.787,0.121,0.0888,0.851
french indie pop,0.491,0.569,0.567,170.186,0.746,0.0407,0.138,0
french indie pop,0.473,0.496,0.76,102.353,0.874,0.0865,0.103,0.000999
indie christmas,0.627,0.72,0.479,86.094,0.319,0.0326,0.358,0.59
indie christmas,0.0794,0.79,0.536,95.916,0.76,0.0318,0.912,0.816
indie christmas,0.126,0.784,0.328,119.463,0.452,0.034,0.128,0.468
indie christmas,0.0356,0.8,0.574,73.588,0.416,0.0405,0.424,0.00157
indie christmas,0.572,0.462,0.156,85.682,0.0303,0.0357,0.406,0.745
indie christmas,0.0491,0.718,0.661,112.6,0.325,0.0266,0.127,7.57e-05
indie christmas,0.92,0.55,0.238,130.147,0.141,0.0523,0.697,0.89
indie christmas,0.469,0.703,0.62,131.097,0.603,0.048,0.123,0.295
indie christmas,0.817,0.473,0.467,136.621,0.167,0.0274,0.131,0.0354
indie christmas,0.822,0.592,0.504,63.305,0.311,0.727,0.117,0.22
indie christmas,0.0728,0.72,0.445,75.945,0.608,0.031,0.113,0.000231
indie christmas,0.0274,0.88,0.52,80.186,0.774,0.039,0.302,0.123
indie christmas,0.926,0.563,0.269,113.857,0.299,0.0346,0.188,0.734
indie christmas,0.13,0.39,0.302,144.711,0.288,0.0312,0.132,0
indie folk,0.13,0.39,0.302,144.711,0.288,0.0312,0.132,0
indie christmas,0.00941,0.801,0.507,119.814,0.679,0.0329,0.472,0
indie folk,0.00941,0.801,0.507,119.814,0.679,0.0329,0.472,0
indie christmas,0.0936,0.697,0.36,208.754,0.836,0.0379,0.0924,1.71e-06
indie folk,0.0936,0.697,0.36,208.754,0.836,0.0379,0.0924,1.71e-06
indie christmas,0.156,0.866,0.429,119.272,0.349,0.0415,0.121,0.000207
indie folk,0.156,0.866,0.429,119.272,0.349,0.0415,0.121,0.000207
indie christmas,0.253,0.54,0.309,93.526,0.345,0.0279,0.0688,6.38e-05
indie folk,0.253,0.54,0.309,93.526,0.345,0.0279,0.0688,6.38e-05
indie christmas,0.839,0.509,0.489,147.985,0.586,0.0301,0.108,0.00744
indie folk,0.839,0.509,0.489,147.985,0.586,0.0301,0.108,0.00744
indie christmas,0.000721,0.674,0.401,172.099,0.647,0.0291,0.118,0.00377
indie folk,0.000721,0.674,0.401,172.099,0.647,0.0291,0.118,0.00377
indie christmas,0.896,0.181,0.486,77.05,0.352,0.0363,0.0958,0.00249
indie folk,0.896,0.181,0.486,77.05,0.352,0.0363,0.0958,0.00249
indie christmas,0.431,0.565,0.562,94.407,0.81,0.0252,0.0844,0
indie folk,0.431,0.565,0.562,94.407,0.81,0.0252,0.0844,0
indie christmas,0.0862,0.698,0.425,154.874,0.636,0.0344,0.237,0
indie folk,0.0862,0.698,0.425,154.874,0.636,0.0344,0.237,0
indie christmas,0.0912,0.813,0.661,105.958,0.905,0.0231,0.241,0.000307
indie folk,0.0912,0.813,0.661,105.958,0.905,0.0231,0.241,0.000307
indie christmas,0.0573,0.626,0.453,139.173,0.454,0.0282,0.0989,0.00124
indie folk,0.0573,0.626,0.453,139.173,0.454,0.0282,0.0989,0.00124
indie christmas,0.0778,0.263,0.72,130.839,0.499,0.0379,0.235,0.000426
indie folk,0.0778,0.263,0.72,130.839,0.499,0.0379,0.235,0.000426
indie christmas,0.264,0.649,0.523,96.262,0.31,0.0284,0.176,4.41e-06
indie folk,0.264,0.649,0.523,96.262,0.31,0.0284,0.176,4.41e-06
indie r&b,0.000376,0.801,0.443,99.941,0.469,0.0336,0.286,0.00586
indie r&b,0.109,0.519,0.632,99.999,0.602,0.0265,0.122,0
indie r&b,0.00742,0.747,0.493,159.957,0.495,0.0299,0.178,0.0102
indie r&b,0.000195,0.819,0.48,114.947,0.578,0.0444,0.371,0.0261
indie r&b,0.0871,0.714,0.365,148.308,0.643,0.0303,0.24,0.0195
indie r&b,0.0446,0.652,0.47,139.975,0.54,0.0335,0.311,0.0635
indie r&b,0.0213,0.698,0.76,112.036,0.862,0.0614,0.0537,0.00292
indie r&b,0.00045,0.801,0.487,111.904,0.532,0.0342,0.404,0.104
indie r&b,0.000452,0.81,0.45,94.948,0.744,0.0275,0.24,3.43e-05
indie r&b,0.181,0.601,0.384,148.768,0.199,0.0301,0.0845,0.507
indie pop,0.12,0.852,0.578,160,0.447,0.0897,0.11,0
indie pop,0.000742,0.893,0.602,102.025,0.716,0.0361,0.101,0
indie pop,0.00701,0.874,0.615,167.987,0.601,0.141,0.357,0
indie pop,0.151,0.832,0.569,125.989,0.359,0.0503,0.179,0.0171
indie pop,0.00426,0.827,0.601,147.999,0.734,0.0384,0.0723,9.09e-06
indie pop,0.194,0.661,0.687,129.945,0.415,0.0314,0.0871,0
indie pop,0.015,0.786,0.488,150.884,0.338,0.0445,0.123,2.27e-05
indie pop,0.0115,0.738,0.638,125.01,0.546,0.0295,0.261,5.05e-06
indie pop,0.426,0.8,0.524,140.005,0.6,0.0559,0.166,0
indie pop,0.0597,0.758,0.789,114.006,0.844,0.0338,0.111,1.95e-05
indie pop,0.0158,0.885,0.553,155.988,0.777,0.0328,0.0927,0.00198
indie pop,0.00226,0.74,0.729,115.984,0.965,0.0258,0.13,0.0305
indie pop,0.00648,0.587,0.342,168.847,0.483,0.0537,0.207,0.0995
indie pop,0.641,0.444,0.499,141.987,0.492,0.026,0.122,0.00348
indie pop,0.286,0.764,0.668,133.059,0.887,0.0373,0.183,0.0352
indie pop,0.00676,0.634,0.741,113.999,0.946,0.0264,0.337,2.59e-05
indie pop,0.481,0.436,0.649,124.939,0.619,0.0266,0.0758,1.62e-05
indie pop,0.18,0.686,0.765,122.021,0.568,0.0367,0.153,0.000837
indie pop,0.163,0.797,0.725,124.969,0.941,0.0378,0.171,0
indie pop,0.613,0.323,0.597,75.006,0.361,0.039,0.0799,0.828
indie pop,0.012,0.676,0.622,111.984,0.71,0.0252,0.0804,1.82e-05
indietronica,0.6,0.395,0.757,124.108,0.279,0.0331,0.127,0.576
indietronica,0.252,0.492,0.759,133.061,0.0845,0.0413,0.089,0.000301
indietronica,0.853,0.294,0.68,129.872,0.176,0.0313,0.0899,0.849
indietronica,0.357,0.534,0.778,128.198,0.155,0.07,0.0925,0.216
indietronica,0.374,0.691,0.657,109.573,0.414,0.0278,0.091,0.0227
indietronica,0.587,0.396,0.748,119.556,0.194,0.0423,0.11,0.877
indietronica,0.927,0.451,0.608,158.846,0.0998,0.0462,0.127,0.418
indietronica,0.299,0.493,0.666,105.891,0.473,0.0278,0.0728,0.000844
indietronica,0.361,0.456,0.739,147.96,0.446,0.0342,0.103,0.385
indietronica,0.617,0.0806,0.64,143.821,0.186,0.0368,0.112,0.00083
indietronica,0.0169,0.903,0.817,120.013,0.68,0.0751,0.0661,0.862
indietronica,0.1,0.938,0.65,132.007,0.135,0.0387,0.117,0.249
indie singer-songwriter,0.0238,0.61,0.56,111.936,0.485,0.0358,0.0978,0.0454
indie singer-songwriter,0.515,0.618,0.793,125.005,0.479,0.0796,0.0968,0.727
indie singer-songwriter,0.701,0.361,0.108,53.795,0.0365,0.0313,0.0867,0.0519
indie singer-songwriter,0.00489,0.531,0.667,122.037,0.521,0.0365,0.486,0.733
indie singer-songwriter,0.0064,0.745,0.593,119.934,0.526,0.0312,0.25,2.56e-05
indie singer-songwriter,0.00261,0.497,0.834,125.995,0.368,0.0863,0.088,0.779
indie singer-songwriter,0.672,0.416,0.248,84.177,0.0924,0.0377,0.12,0.00153
indie christmas,0.95,0.39,0.318,129.339,0.335,0.0468,0.404,0.726
indie christmas,0.939,0.101,0.402,113.155,0.195,0.0823,0.688,4.33e-05
indie christmas,0.954,0.277,0.548,95.782,0.162,0.0287,0.358,0.00254
indie christmas,0.765,0.235,0.416,81.991,0.263,0.0467,0.849,0.00477
indie christmas,0.7,0.4,0.358,170.087,0.083,0.879,0.624,1.28e-06
indie christmas,0.703,0.286,0.392,153.712,0.386,0.0381,0.982,0.000448
indie christmas,0.915,0.319,0.464,105.048,0.342,0.115,0.703,1.07e-06
indie christmas,0.607,0.293,0.46,130.423,0.278,0.0341,0.646,0.000286
indie christmas,0.803,0.276,0.398,100.678,0.269,0.0354,0.899,0.337
indie christmas,0.91,0.168,0.421,126.087,0.241,0.0467,0.703,0.0816
indie christmas,0.669,0.447,0.377,136.725,0.273,0.0422,0.774,0.0352
indie christmas,0.158,0.714,0.413,154.768,0.51,0.0583,0.964,0.00601
indie christmas,0.742,0.784,0.351,98.162,0.0324,0.651,0.941,0.00269
indie christmas,0.407,0.456,0.488,91.479,0.411,0.0409,0.968,0.0154
indie christmas,0.0171,0.686,0.618,116.933,0.774,0.0339,0.931,0.0175
indie christmas,0.000306,0.988,0.465,91.923,0.799,0.0842,0.875,0.00125
indie christmas,0.671,0.628,0.66,109.239,0.639,0.0388,0.81,0.00202
indie christmas,0.954,0.224,0.365,94.15,0.202,0.0802,0.943,0.00801
indie christmas,0.016,0.721,0.489,139.053,0.52,0.0608,0.917,2.22e-05
indie christmas,0.897,0.618,0.265,85.97,0.447,0.127,0.683,0.00901
indie christmas,0.943,0.203,0.44,136.676,0.21,0.0498,0.936,0
indie christmas,0.74,0.396,0.527,126.496,0.528,0.101,0.936,0.00332
indie christmas,0.779,0.414,0.425,93.714,0.407,0.0419,0.724,0
indie christmas,0.923,0.206,0.304,125.608,0.129,0.0373,0.705,0.014
indie christmas,0.917,0.287,0.299,170.146,0.227,0.0439,0.676,0.032
indie christmas,0.885,0.311,0.371,102.435,0.406,0.0604,0.698,0.00935
indie christmas,0.424,0.935,0.18,81.975,0.2,0.113,0.396,0.894
indie christmas,0.65,0.83,0.128,87.877,0.11,0.0825,0.956,0.766
indie r&b,0.0942,0.298,0.925,100.961,0.909,0.0411,0.0721,0.156
indie r&b,0.384,0.47,0.579,102.007,0.556,0.238,0.205,0.656
indie r&b,0.282,0.576,0.853,98.002,0.656,0.0585,0.1,0.108
indie r&b,0.536,0.382,0.685,78.007,0.384,0.032,0.0801,0.164
indie r&b,0.665,0.115,0.486,80.311,0.155,0.0447,0.0988,0.262
indie r&b,0.555,0.328,0.86,120.959,0.559,0.199,0.095,0.0624
indie r&b,0.804,0.134,0.738,166.036,0.4,0.0379,0.11,0.793
indie r&b,0.283,0.356,0.702,97.962,0.313,0.0475,0.325,0.0539
indie r&b,0.671,0.12,0.725,146.022,0.354,0.118,0.368,0.00062
indie r&b,0.1,0.404,0.661,146.503,0.871,0.036,0.0889,0.855